title,content,images,url,section,top_comments,images_processed
"Fashion news - December 23, 2024","Here you can share all the fashion related news you have come across recently. Whether it is a newly released runway, an interview with a designer, a new label slashing onto the scene or speculating new trends emerging, everything news related is welcome here.",,https://www.reddit.com/r/femalefashionadvice/comments/1hklg4o/fashion_news_december_23_2024/,hot,,
Weird Little Outfits: An Inspo Album,,"https://preview.redd.it/9fdl3z112j9e1.jpg?width=1080&format=pjpg&auto=webp&s=50863ab790a4511a34f66e0699ab5ddff5ef9d03, https://preview.redd.it/1n2dm9z02j9e1.jpg?width=1080&format=pjpg&auto=webp&s=f62e27d2753c2163a1e4d8ae80ea8c3fac983ec6, https://preview.redd.it/uwqakmz02j9e1.jpg?width=1080&format=pjpg&auto=webp&s=8cd2f8866e8556d06db97e1ed7669117eb17a017, https://preview.redd.it/0avdnd212j9e1.jpg?width=1080&format=pjpg&auto=webp&s=47062fd569045b18ae099b66f4509f1badeb2ed7, https://preview.redd.it/tcwvti012j9e1.jpg?width=1080&format=pjpg&auto=webp&s=eb26fc8e9928085f116100f8f7aaca3bb452ec90, https://preview.redd.it/orgjvu012j9e1.jpg?width=1080&format=pjpg&auto=webp&s=11af2e5979db860751687d6710709db6fc0ac602, https://preview.redd.it/owlnz0112j9e1.jpg?width=1080&format=pjpg&auto=webp&s=1e4930b15edba1d9911e4b0d289baeefd0a3ff8f, https://preview.redd.it/jgvzhfz02j9e1.jpg?width=1080&format=pjpg&auto=webp&s=c3c99f834b04cbb2d4799de89b58a37fc25723f9, https://preview.redd.it/qheii7112j9e1.jpg?width=1080&format=pjpg&auto=webp&s=90893aa3dbaeb3ee127b11454f1bed441650d61f, https://preview.redd.it/dr1s1n012j9e1.jpg?width=1080&format=pjpg&auto=webp&s=2b6569f9be52a126b9c40956954d2aad9d316959, https://preview.redd.it/j0o6hf112j9e1.jpg?width=1080&format=pjpg&auto=webp&s=98c177352acfe560f936ce7eea4ab05ce8bf9fdf, https://preview.redd.it/nop62tz02j9e1.jpg?width=1080&format=pjpg&auto=webp&s=32fa25995d6e384cedad5299be6b02cf69117467, https://preview.redd.it/1pgtou112j9e1.jpg?width=1080&format=pjpg&auto=webp&s=3ab4f87c014c7867dafdafe92b6c87089c12feae, https://preview.redd.it/jg130u212j9e1.jpg?width=1080&format=pjpg&auto=webp&s=2d5efb8a86348e110b3923689363fd8167c4ab84, https://preview.redd.it/m7onk8012j9e1.jpg?width=1080&format=pjpg&auto=webp&s=80eb29f107bc9ef8b577f681adcf7815796debc0, https://preview.redd.it/zb2nxn112j9e1.jpg?width=1080&format=pjpg&auto=webp&s=5a1adda37d7b4d38220c492275da5fcf9454c256, https://preview.redd.it/4pd7o3z02j9e1.jpg?width=1080&format=pjpg&auto=webp&s=30e4fa0779f1571010900f1012109c491e2b1811, https://preview.redd.it/p0pf80z02j9e1.jpg?width=1080&format=pjpg&auto=webp&s=47d3dd41f1f89e0c1d20604a2a62e9fa05cdf939",https://www.reddit.com/gallery/1hnz49h,hot,"Oh this is so so fun. I think I need that yellow puffer in my life. That said, the cardigan combo with the pants on slide 8 is perfection to me.

Also for the girls that remember, this is taking me back to polyvore days | i wish this sub was just posts like this. thank you | You. You're my people.

I honestly probably wouldn't wear most of these full outfits myself but the whimsy and the weird color and pattern mixing give me life.

This is exactly what I mean when I tell people that anything can ""go together"" if you believe in it.","Loungewear and Nightwear (0.59), Loungewear and Nightwear (0.67), Loungewear and Nightwear (0.93), Loungewear and Nightwear (1.00), Loungewear and Nightwear (0.99), Loungewear and Nightwear (1.00), Loungewear and Nightwear (0.92), Loungewear and Nightwear (1.00), Loungewear and Nightwear (0.97), Loungewear and Nightwear (0.99), Topwear (0.74), Loungewear and Nightwear (0.99), Loungewear and Nightwear (1.00), Loungewear and Nightwear (1.00), Loungewear and Nightwear (0.92), Loungewear and Nightwear (0.82), Loungewear and Nightwear (1.00), Loungewear and Nightwear (1.00)"
Are there any fashion brands you love right now because the vibe just feels right?,sometimes a brand just feels right. iâ€™m curious are there any brands youâ€™re really drawn to right now. what is it about their look or vibe that pulls you in ? drop names pls :)) ,,https://www.reddit.com/r/femalefashionadvice/comments/1hnwh5q/are_there_any_fashion_brands_you_love_right_now/,hot,"[Sea](https://sea-ny.com/pages/pre-fall?_sc=1) has such a stunning, unique ""maritime bohemian"" aesthetic. (Don't look at the prices ðŸ™ƒ). 

Even if most pieces don't fit my personal style, I really appreciate the cohesive vibe of each collection. Their lacework+embroidery are impeccable and even their basics are unique in little unexpected ways. | Living in Europe so I donâ€™t know how easy it is to find these brands outside of here.

Ba&sh for their knitwear, The Kooples for everything else. 

The Kooplesâ€™ style suits me so well!! Every time I go to their stores I leave with several things | Fashion Brand Company. I donâ€™t buy much because I can afford to mostly thrift my wardrobe, but I love their vibe and what I have purchased is awesome.",
"Daily Questions Thread December 28, 2024","This  thread is for individual style questions that you may have, especially  those that don't warrant their own thread. We all want a diversified  opinion, so feel free to answer any questions (of which you know the  answer).

***To  get the best responses, remember that people cannot; look into your wardrobe, know what style you normally like or what words like affordable or practical mean to you so please include any relevant details such as  your budget, where you live, what stores are available to you, etc.***

Example questions:

* Are there any basic crewneck white t-shirts that are opaque and do not have cap sleeves for <$25 available in Australia?
* Is this dress and shoes suitable for an evening wedding with a cocktail dress code taking place in a \[venue type\]?
* If  I like the outfits in this \[imgur album / pinterest board\], what are  some specific items I can look into to start dressing like that, and  brands with this look that carry plus sizes?
* Does this outfit look neater with the pants cuffed or uncuffed?

If you'd like to include a picture, you can now post pictures directly in the comments, without having to link an imgur album.",,https://www.reddit.com/r/femalefashionadvice/comments/1ho3hxh/daily_questions_thread_december_28_2024/,hot,"Hello! Iâ€™m looking into a Max Mara coat (weekend max mara wool and alpaca coat). Does anyone know if the recommendation is to size up? Iâ€™m usually a size 6 for a very comfortable feel (rather than feeling restricted like size 4 sometimes makes me) but wondering if I should just get a size 8?? 

Also.. now that i typed this out I have a stupid question: does the wool/alpaca coat mean animal cruelty!?ðŸ˜­ | I am wearing the dress pictured to a gala in February in MN. A strappy black heel would be my go-to, but is an open toed shoe appropriate for winter? The venue is less than a mile from my house, so I'm not particularly concerned about the practicality of it. If a closed toe is more appropriate, what would that look like? I'm open to pointy toe but it's not my favorite.

https://preview.redd.it/f1fjmvujtl9e1.jpeg?width=1290&format=pjpg&auto=webp&s=29845631a0ca9b7bf15675c2b11200ca8693044c | https://preview.redd.it/run9cmgkpk9e1.png?width=1730&format=png&auto=webp&s=1f59a9b4dd765c85fe7363d3159e02ab79ac11d4

I was looking for a new winter wool coat and it has come down to these two picks.  
I am 180 cm in length and both are of similar quality (2 just has a little kashmir in it)

However I am unsure about the length. I read various opinions online about coat lengths: above the knee or below it and I am unsure which works better.  
I feel that with 2 any dresses or midi skirts will stick out from under it too much and I guess for the price I would prefer something a bit more perfect where I don't feel like my coat is out of place.  
  
Personally I am leaning towards the first, somehow it feels 2 is too short for my length and figure, but I would like some opinions.

Thank you so much for taking the time to respond!",
Wearing the clothes vs the clothes wearing you,"Hi guys! 

What are your thoughts on styling outfits that donâ€™t overwhelm the person wearing it (I.e. sheâ€™s wearing the dress; the dress isnâ€™t wearing her)

How do stylish women put together outfits that donâ€™t take over? Iâ€™ve seen advice about confidence, taking off one accessory, using color seasons, using kibbe. Is that it? Do any of you have this problem?

Do any of you have any thoughts/advice? ",,https://www.reddit.com/r/femalefashionadvice/comments/1hn0vrp/wearing_the_clothes_vs_the_clothes_wearing_you/,hot,"I wear a lot of stuff that could be described as ""loud"" and ""out there"". Confidence is a pretty big part of wearing bold stuff and being comfortable in your own skin makes a huge difference. It also takes a degree of emotional energy to handle the extra attention. No, no one's going to assail, spit on you, and call you a harlot causing a need for you to steel yourself before stepping out of the house. There are just days you don't feel like being *that person* and being uncomfortable with it shows. 

Another idea of something ""wearing you"" is that the item is too much or doesn't fit the wearer in the context of the vibe or intention. So if your hair, your makeup, the rest of your outfit says 2010s beige minimalism, high shine PVC spiked goth club platform boots are probably going to be incongruous in a way that stands out negatively.
Making something look cohesive or intentional will serve to make bold items look more natural. | Depending on how balls to the wall you wanna go, it's picking what's going to be the highlight and styling the outfit around it.

Having bridging colours so things feel intentional - like if you want to go for an all red outfit, it's generally smarter and less eye watering to do 1-2 items be a true red, and the rest of the outfit be red adjacent - so burgundies or pinks,  depending on the colour palette you're working with.

Another thing is you have to nail the style and fit before you dial up the colour or prints.   Stuff has to fit right and sit on you nicely before YOU wear the outfit.  If it's ill fitting - too big or too small or badly tailored, the outfit is going to wear you.

And also it has to be something you LOVE.  If you're not into space and try and wear a galaxy themed outfit, it's just not going to sit as well because you're not loving it. | tbh I think this problem is overblown at best, made up at worst, and almost exclusively applied to women.

The only times I've ever personally felt like ""the clothes were wearing somebody"" was when it was overtly apparent that the clothes were outside of their comfort zone, either aesthetically, contextually, or outright literally (i.e. teetering in high heels they aren't used to, tugging at something that keeps riding up, etc.). 

But the best way to build confidence and get used to wearing clothes outside of one's comfort zone is to wear them out of the house, so it's sort of a catch-22.",
"General Discussion - December 27, 2024","Welcome  to FFA Group Therapy. In this thread you can talk about whatever you  want: life, style, work, relationships, etc. Feel free to vent, share  pet photos, or just generally scream into the void.

If  you're new to the community, please don't be shy! Say hello and  introduce yourself. And if you've been here for a while, welcome our  newer subscribers into the fold. =)

Note: Comment rules still apply, don't be a dick.",,https://www.reddit.com/r/femalefashionadvice/comments/1hnckwy/general_discussion_december_27_2024/,hot,"About a year ago, I bought some dresses from Modcloth for when I dropped a certain amount of pregnancy weight. Well, I dropped that certain amount of poundage and decided to try these dresses on.

Y'all...

I looked like a Temu Dolores Umbridge who also happened to be transforming into a busted can of biscuit dough. They were such awful, awful, and poorly-made dresses.

I miss when they had nicer products. :') | I'm fighting the urge to buy one piece from a few fashion houses where the creative director is leaving, and I don't own anything currently. The fashion girlie in me wants something from that creative director's time with the brand---Peter Do is leaving Helmut Lang; Hedi Slimane is leaving Celine; John Galliano is leaving Maison Margiela. I'd buy a button-down shirt from HL and MM, and the Heloise medium triomphe canvas shoulder bag from Celine. I'd wear all three pieces, but I don't need any of it ffs.

The struggle is real. | I finally found underwear that fits me a few weeks ago, after bemoaning for years the loss of the American apparel boy brief that were low waisted designed for women. I just realized how happy that makes me. I bought several pairs of the style (bikini from la vie en rose) and it just makes getting dressed so much better. 

And I got rid of all the underwear that were not right that made it hard to dig through my underwear storage and find â€œthe ones I ended up wearing anyway.â€",
"Daily Questions Thread December 27, 2024","This  thread is for individual style questions that you may have, especially  those that don't warrant their own thread. We all want a diversified  opinion, so feel free to answer any questions (of which you know the  answer).

***To  get the best responses, remember that people cannot; look into your wardrobe, know what style you normally like or what words like affordable or practical mean to you so please include any relevant details such as  your budget, where you live, what stores are available to you, etc.***

Example questions:

* Are there any basic crewneck white t-shirts that are opaque and do not have cap sleeves for <$25 available in Australia?
* Is this dress and shoes suitable for an evening wedding with a cocktail dress code taking place in a \[venue type\]?
* If  I like the outfits in this \[imgur album / pinterest board\], what are  some specific items I can look into to start dressing like that, and  brands with this look that carry plus sizes?
* Does this outfit look neater with the pants cuffed or uncuffed?

If you'd like to include a picture, you can now post pictures directly in the comments, without having to link an imgur album.",,https://www.reddit.com/r/femalefashionadvice/comments/1hnckwu/daily_questions_thread_december_27_2024/,hot,"Does anyone have recommendations for sheer black tights that will last? Willing to pay for a wolford pair or something similar but worried they will rip first or second wear. Any suggestions? | Hi Reddit! Iâ€™m a freshman in highschool and iâ€™ve went to a private school with uniform my whole life. Iâ€™m transferring to a public school after break and I donâ€™t know what to wear. Any advice? | https://preview.redd.it/ijfv1rn2ze9e1.png?width=1024&format=png&auto=webp&s=09a7dbf54f6f53d28a1d6977ae817871ed936c22

how on earth would you style these?! i got them for christmas and love them so much but i can't figure out what colours would go with it. any advice? <3  
doc martens - Jesy Leather Flared Heel Boots",
"Daily Questions Thread December 26, 2024","This  thread is for individual style questions that you may have, especially  those that don't warrant their own thread. We all want a diversified  opinion, so feel free to answer any questions (of which you know the  answer).

***To  get the best responses, remember that people cannot; look into your wardrobe, know what style you normally like or what words like affordable or practical mean to you so please include any relevant details such as  your budget, where you live, what stores are available to you, etc.***

Example questions:

* Are there any basic crewneck white t-shirts that are opaque and do not have cap sleeves for <$25 available in Australia?
* Is this dress and shoes suitable for an evening wedding with a cocktail dress code taking place in a \[venue type\]?
* If  I like the outfits in this \[imgur album / pinterest board\], what are  some specific items I can look into to start dressing like that, and  brands with this look that carry plus sizes?
* Does this outfit look neater with the pants cuffed or uncuffed?

If you'd like to include a picture, you can now post pictures directly in the comments, without having to link an imgur album.",,https://www.reddit.com/r/femalefashionadvice/comments/1hmm5zz/daily_questions_thread_december_26_2024/,hot,"Hi! Iâ€™m in college and recently realized that I have outgrown the style of most of my clothes. I am wanting to get some pieces that feel more grown up but still fun. I mostly wear neutrals and jewel tones in simple patterns, prioritizing 100% natural fibers. My biggest issue has been finding tops that I like. I mostly wear graphic tees, but would love to find options that are slightly more elevated than that. I still am in college, so something that is still casual is preferred. Does anyone have brands or silhouette recommendations? | I am on a weight loss journey. I have lost 148 pounds so far, I plan to lose about 50 more. I've gone from a 4x to XL. My current measurements are 44"" bust, 35"" waist, 49.5"" hips (very pear shaped) and I am 5'5"". 

Obviously, the wardrobe shifts have been pretty drastic. But also slow going. I've been shopping at the brands I had to shop at when I was bigger (Torrid, etc.). But they're limited and too pricey for the quality. For the first time, I have options, but I don't know brands.

I almost exclusively wear dresses, I usually like them to be mini to tea length (I feel like any longer excentuates my wide hips). I like florals, colors, and really feminine silhouettes. I like more defined waists on my dresses, so I usually lean towards fit and flare. My go-to outfit is black leggings/tights, a dress with some sort of print/design, and a neutral cardigan. Jess from New Girl basically has my ideal closet.

Also, I have a public facing boring government job. I need new work clothes, so I am looking for more professional brands too. I don't want anything low quality, but I don't want to spend a ton on transitionary clothes either. So brands with pieces that are in a more reasonable price range (no more than $50-$100/piece) are where my mind has been.

Any suggestions would be greatly appreciated! | 20 year HS Reunion:

So I have my 20 year HS reunion coming up and I honestly have no idea what people wear to those things, ive only ever seen em on TV!!  Keep in mind it will most likely be FREEEEZING outside so that is gonna suck!

Options: (edit: I own all 5 of these options)

1. [https://www.amazon.com/dp/B01MUPSJAN?ref=ppx\_yo2ov\_dt\_b\_fed\_asin\_title](https://www.amazon.com/dp/B01MUPSJAN?ref=ppx_yo2ov_dt_b_fed_asin_title) Top choice, I have it in green, wine, and black!!! (if so which color)
2. [https://www.kohls.com/product/prd-6320793/plus-size-simply-vera-vera-wang-ruffle-hem-cocktail-dress.jsp](https://www.kohls.com/product/prd-6320793/plus-size-simply-vera-vera-wang-ruffle-hem-cocktail-dress.jsp) I feel like no, this + a blazer is a standard work outfit and feels ... too work ... ya know?
3. [https://www.amazon.com/gp/product/B08QMBMH9L/ref=ppx\_yo\_dt\_b\_search\_asin\_title?ie=UTF8&psc=1](https://www.amazon.com/gp/product/B08QMBMH9L/ref=ppx_yo_dt_b_search_asin_title?ie=UTF8&psc=1) This one feels too fancy? (i have the dark purple)",
"WAYWT - December 25, 2024","WAYWT is the acronym for ""What Are You Wearing Today"". It doesn't necessarily need to be what you were wearing TODAY.

* Post  a photo of what you wore. For ease of browsing, please post the image  or link directly to it (not imgur albums, Instagram, or other URLs). If  you are a blogger, double-check our [FFA Rules ('On Blogger Participation')](https://www.reddit.com/r/femalefashionadvice/wiki/rules) to ensure you aren't in violation.
* Include  what the attire is for (work, school, home) and if applicable, what  your fashion goals are (e.g. ""I want to look professional,"" ""I'm  experimenting with loose-loose silhouettes"")
* [Taking photos with your phone? Read **this** guide.](http://www.reddit.com/r/femalefashionadvice/comments/2iupe5/taking_outfit_photos_with_your_phone/)
* Sharing photos directly in the comments? Just click on the little camera symbol and attach your image.
* Uploading  photos to Imgur? To make your image viewable to anyone with the link,  but prevent it from being added to the main Imgur feed, select ""hidden""  for the privacy setting, not ""private"" or ""public"".
* **What is ""CCW""?**  It means ""Constructive Criticism Welcome"". If you would like to receive  CC on your post, you can increase the chances of getting replies by  asking for feedback on a specific aspect of your outfit, e.g. ""I'm  interested in advice for elevating this outfit without the use of  jewelry"" or ""I'd like to know if these pants hit in a flattering spot  with these shoes"".
* Critiquing  others is welcome and encouraged, and when posting you may receive CC  on your outfit, even if you did not explicitly ask for it. [Keep it constructive/factual, and try to focus on feedback that will help the person improve.](https://www.reddit.com/r/femalefashionadvice/comments/3jfxk8/how_to_give_and_receive_constructive_criticism_a/).
* Do not downvote for disagreeing with someone's opinion.
* Reddit Enhancement Suite makes it very easy to view pictures in a thread.",,https://www.reddit.com/r/femalefashionadvice/comments/1hlyr9k/waywt_december_25_2024/,hot,"PNW 30s, wore this to Christmas Eve service last night. The dress is from the sale rack at Anthropologie a few weeks ago. I really like it because itâ€™s kind of historical looking with the skirt detail.

https://preview.redd.it/fymziyak219e1.jpeg?width=1596&format=pjpg&auto=webp&s=d8e71902c049ca3d0f3748126613763591375e0c | https://preview.redd.it/04njrz9mi29e1.jpeg?width=1491&format=pjpg&auto=webp&s=30053f09480bbb85e095687c49e6c61999142919

Christmas Eve outfit for a big family get together. Had almost forgotten I owned this patent mini skirt but it was perfect for the occasion. | 30s / Japan / average temperatures 5-10C/40-50F

https://preview.redd.it/0k5ib719g19e1.jpeg?width=1564&format=pjpg&auto=webp&s=c4402e161172036a96794b73477a65f6956569a4

Casual and biz caz from the past few weeks. Couple of holiday event looks too.",
"Daily Questions Thread December 25, 2024","This  thread is for individual style questions that you may have, especially  those that don't warrant their own thread. We all want a diversified  opinion, so feel free to answer any questions (of which you know the  answer).

***To  get the best responses, remember that people cannot; look into your wardrobe, know what style you normally like or what words like affordable or practical mean to you so please include any relevant details such as  your budget, where you live, what stores are available to you, etc.***

Example questions:

* Are there any basic crewneck white t-shirts that are opaque and do not have cap sleeves for <$25 available in Australia?
* Is this dress and shoes suitable for an evening wedding with a cocktail dress code taking place in a \[venue type\]?
* If  I like the outfits in this \[imgur album / pinterest board\], what are  some specific items I can look into to start dressing like that, and  brands with this look that carry plus sizes?
* Does this outfit look neater with the pants cuffed or uncuffed?

If you'd like to include a picture, you can now post pictures directly in the comments, without having to link an imgur album.",,https://www.reddit.com/r/femalefashionadvice/comments/1hlyr9e/daily_questions_thread_december_25_2024/,hot,"What style is this? (Bold, colourful, leopard print, checkerboard etc)

https://preview.redd.it/waotto2qe29e1.jpeg?width=888&format=pjpg&auto=webp&s=0588405b555107c1e76c22a989c3e024ae9aca50 | Looking for a high quality harness that can be made large (I wear plus sizes).  Extra points if they can be worn in  many ways. I plan to wear it over a button down shirt in a more structured way, like this picture or the one below.

I know there are a gazillion harnesses on Etsy and the like but I am hoping for a specific recommendation from a  company youâ€™ve tried and like.

https://preview.redd.it/m9tb4ojl139e1.jpeg?width=932&format=pjpg&auto=webp&s=9fe5f23780994dd8032cee9d52fd237082b1d8a9 | Someone got me [this madewell coat](https://www.madewell.com/p/womens/clothing/coats-jackets/double-breasted-trench-coat/NS389/?ccode=BK5229&size=S&source=googlePLA&srcCode=Paid_Search%7CShopping_NonBrand_PMax_NCA%7CGoogle%7CMWGGBS00002_99107515653_18211078200___m_pla_local_1292_9007772&utm_source=google&utm_medium=cpc&utm_campaign=Madewell_Shopping_PLA_US_Women_HighInventory_PMax&utm_term=&utm_content=shopping_ads&gad_source=1&gbraid=0AAAAADpsc9PK6ytwbHCf4TqFY2Eaf1Vch&gclid=EAIaIQobChMI7Kn3p93DigMVaUdHAR1WTxRzEAQYByABEgKDMfD_BwE&gclsrc=aw.ds ) for Christmas.


Itâ€™s a nice enough coat and I am truly grateful for the gift. It was extremely thoughtful of them to notice that Iâ€™ve wanted a wool coat for ages. And the coat does have nice closures and a practical collar that can be buttoned closed for cold weather. However, the problem is that the coat fits like an oversized potato sack on me and is very loose, shapeless and unstructured. The sleeves also cover my hands and Iâ€™m practically tripping over the hem.


As a result, Iâ€™m going to take it to a tailor to see if I can salvage it. But before I spend the money, would it be possible to also install some feminine flair into this thing while Iâ€™m at it? Iâ€™m thinking of trying to shift the design to be closer to the old school [princess coats](https://imgur.com/a/Uo6othS) Iâ€™ve always wanted to own with some pleating at the skirt, a nipped in waist (created by real tailoring, not a tie waist with an ugly bathrobe belt) and an overall polished fit n flare look. If it is possible to ask a tailor or seamstress revamp this coat into a true princess coat, then what would be a good ballpark estimate for the cost of that? 


If itâ€™s not possible, then where would I find a fully lined, black, New England winter suitable and 79-100% wool princess cut coat in a similar price range to the madewell coat?",
"Random Fashion Thoughts - December 25, 2024",Talk about your random fashion-related thoughts.,,https://www.reddit.com/r/femalefashionadvice/comments/1hlyr9q/random_fashion_thoughts_december_25_2024/,hot,"Does anyone know where i could get a similar ring?

https://preview.redd.it/ma3gevywg39e1.jpeg?width=828&format=pjpg&auto=webp&s=7b3030080cd6b1b821556acb1fa593cfb9908aa1

i absolutely love this but itâ€™s just completely out of my price range (marc jacobs - heaven, â€˜MOST LOVEDâ€™) thankyou!! xx",
"Daily Questions Thread December 24, 2024","This  thread is for individual style questions that you may have, especially  those that don't warrant their own thread. We all want a diversified  opinion, so feel free to answer any questions (of which you know the  answer).

***To  get the best responses, remember that people cannot; look into your wardrobe, know what style you normally like or what words like affordable or practical mean to you so please include any relevant details such as  your budget, where you live, what stores are available to you, etc.***

Example questions:

* Are there any basic crewneck white t-shirts that are opaque and do not have cap sleeves for <$25 available in Australia?
* Is this dress and shoes suitable for an evening wedding with a cocktail dress code taking place in a \[venue type\]?
* If  I like the outfits in this \[imgur album / pinterest board\], what are  some specific items I can look into to start dressing like that, and  brands with this look that carry plus sizes?
* Does this outfit look neater with the pants cuffed or uncuffed?

If you'd like to include a picture, you can now post pictures directly in the comments, without having to link an imgur album.",,https://www.reddit.com/r/femalefashionadvice/comments/1hlbbmm/daily_questions_thread_december_24_2024/,hot,"Am I too old (43) for this style? I am autistic and I have no sense of style, i don't do make up or any other girly things but this style always speaks to my soul.

https://preview.redd.it/0scd53pyns8e1.png?width=1080&format=png&auto=webp&s=9b3cad95119cb256dfe4f87dc3cf299d62f61bec | Trench Coat Hunt

So Iâ€™m looking for a wool trench coat that is breasted AND has a belt. 

My friend has a really nice once from dynamite but they donâ€™t seem to sell it anymore? I can find TONS of double breasted coats and belted coats but I really like the idea of having both. Especially if Iâ€™m going to pay upwards of $350 for one. 

Does anyone have any ideas or suggestions of places to find one? 

(Preferably black or grey) | Iâ€™m going to the Boston Ballet Nutcracker this weekend and just found out! Desperately need help with an outfit. I just ordered this sweater and would love to wear it. What would you guys were for bottoms with this?!

https://preview.redd.it/cgk73osebu8e1.jpeg?width=1284&format=pjpg&auto=webp&s=7921bd23a8a8fb6180e076ef8ddbf339c0fd61c6",
"Hair, Makeup, Skincare, Fitness, and Fragrance Thread - December 24, 2024","This  thread is for simple hair and makeup questions that you may have,  especially those that don't warrant their own thread. We all want a  diversified opinion, so feel free to answer any questions (of which you  know the answer).

Example questions:

* What's a good conditioner for straight, thick hair?
* Where can I find a perfume with subtle pine notes?
* Do you use a foundation with sunscreen? Is it worth it?",,https://www.reddit.com/r/femalefashionadvice/comments/1hlbbmy/hair_makeup_skincare_fitness_and_fragrance_thread/,hot,"Any insights on why my hair may be so tangled, frizzy and almost sticky? So many split ends too!
I have slightly wavy, basically straight hair, averagely coarse. I trim it every six months-year, and never use any kind of heat or product other than shampoo and conditioner. Have switched shampoo and conditioner several times trying to fix it with no avail.",
"General Discussion - December 24, 2024","Welcome  to FFA Group Therapy. In this thread you can talk about whatever you  want: life, style, work, relationships, etc. Feel free to vent, share  pet photos, or just generally scream into the void.

If  you're new to the community, please don't be shy! Say hello and  introduce yourself. And if you've been here for a while, welcome our  newer subscribers into the fold. =)

Note: Comment rules still apply, don't be a dick.",,https://www.reddit.com/r/femalefashionadvice/comments/1hlbbmr/general_discussion_december_24_2024/,hot,"Leaving this here for whoever's interested:
[Vintage Pendleton cropped wool jacket $20](https://poshmark.com/listing/Pendleton-Vintage-Plaid-Green-Blue-Full-Zip-Wool-Jacket-Size-16-665bc7b9dc327d135ab161d1)",
"Recent Purchases December 23, 2024","This  thread is for sharing all your new buys. Clothes, shoes, razors cologne, share it all. ...Just kidding. But just like MFA, and per your suggestions, we are now going to have a weekly recent purchases thread. So gather round and brag about your purchases! Bags, clothing, shoes, jewellery, perfume, etc.

If possible, please share a picture and a little review! Pictures can also be shared directly in the comments now.",,https://www.reddit.com/r/femalefashionadvice/comments/1hklg4y/recent_purchases_december_23_2024/,hot,"My last purchases for 2024:

* November birthday gift to myself: Stella McCartney fantastically huge hobo bag.
* Christmas gifts to myself: 2 Miu Miu x New Balance sneaker mules and Loewe track jacket

It is with great anxiety I embark on a No Buy Journey for 2025 lol. No clothing, shoes, or accessories purchases next year \*except\* for my birthday and Christmas. 

While I'm an intentional shopper and love/wear every item in my closet, I truly have *enough*. I'll be eating up everyone's lists and pics of your purchases next year!

https://preview.redd.it/jr2me7zn8m8e1.jpeg?width=1920&format=pjpg&auto=webp&s=6063889935e126aeec9899e1f60c2c0e5b8a5e19 | I scored a pair of light pink Burberry moccasins on ThredUP for $30. The insoles need to be switched out and thereâ€™s some light wear to the bottoms, but I think they are awesome.

https://preview.redd.it/k6wihqlbzm8e1.jpeg?width=1170&format=pjpg&auto=webp&s=45916f8484cf509d3a016e8fe067b9f745516962 | https://preview.redd.it/fs3hlatf1s8e1.jpeg?width=1079&format=pjpg&auto=webp&s=882f853aa281a22e730886d13363b8cf4656d57f

I love weird shoes so I got this vintage muxart pair.",
"Daily Questions Thread December 23, 2024","This  thread is for individual style questions that you may have, especially  those that don't warrant their own thread. We all want a diversified  opinion, so feel free to answer any questions (of which you know the  answer).

***To  get the best responses, remember that people cannot; look into your wardrobe, know what style you normally like or what words like affordable or practical mean to you so please include any relevant details such as  your budget, where you live, what stores are available to you, etc.***

Example questions:

* Are there any basic crewneck white t-shirts that are opaque and do not have cap sleeves for <$25 available in Australia?
* Is this dress and shoes suitable for an evening wedding with a cocktail dress code taking place in a \[venue type\]?
* If  I like the outfits in this \[imgur album / pinterest board\], what are  some specific items I can look into to start dressing like that, and  brands with this look that carry plus sizes?
* Does this outfit look neater with the pants cuffed or uncuffed?

If you'd like to include a picture, you can now post pictures directly in the comments, without having to link an imgur album.",,https://www.reddit.com/r/femalefashionadvice/comments/1hklg4i/daily_questions_thread_december_23_2024/,hot,"Does affordable quality gold colored jewelry exist?

I have recently had a big life change and Iâ€™m in need of both basic and statement jewelry. Gold looks better on me than silver. I prefer some basic pieces but also flamboyant alt/indie pieces, like Little Rooms (Google tells me the gold wears off so they are not an option.)

I am confused on how to identify quality jewelry at a more affordable price point. For example, I found an alt brand called Bonearrow that has 6ct gold, but Google tells me I need 12 to 14 for it not to wear off? 

I am looking for quality brands that work in gold at an affordable price point and information about what words I need to Google to determine if something is quality or not. For example, if something that looks like gold exists, but isnâ€™t gold I would also be open to that, but I donâ€™t know if thatâ€™s a thing. 

Iâ€™m thinking my budget for a ring is between 100 for a basic item and  250USD for something more interesting. Is that realistic? | Looking for assistance with some professional clothing that's more edgy/bold. 

30yo, hourglass figure, shorter with a muscular build. I have been trying to find clothing by Googling and looking at threads, but if anyone has any links or recommendations. I am really struggling and would love some help as I have more in person events to attend in 2025. | Iâ€™m looking for gold dresses for my baby shower. I would like something with a sleeve, as itâ€™s in February and may be cold. Definitely bump friendly, as I will be 8 months pregnant then. 

Right now, I like: https://petalandpup.com/products/vikki-dress-gold?variant=41205241053361

But it doesnâ€™t have sleeves. Budget is $150.",
Image Posts Now Allowed!,"We have turned on the feature to add images directly to posts. To limit low effort posts, the same general [Inspo Album guidelines](https://www.reddit.com/r/femalefashionadvice/wiki/inspohelp/#wiki_inspo_album_guidelines) apply - except rules 1 and 4. 

Selfies, marketing and advertising, posts belonging in our Daily Questions threads, and general low-effort photo dumps will be removed. ""Low effort"" includes posts with no cohesive theme, or posts with no commentary.",,https://www.reddit.com/r/femalefashionadvice/comments/1hk07ob/image_posts_now_allowed/,hot,Thank you Santa!! ðŸ¥ºðŸŽ…ðŸ»,
What's your fashion white whale?,"What item have you wanted to get your hands on the moment you saw it, but which has eluded you so far?

For me, it's [this pair](https://i.ebayimg.com/images/g/weEAAOSw52NdJRwe/s-l1200.jpg) of J. Crew wide-legged silk pants with tiger prints. I've found many other pairs of tiger print pants, but none quite compare to this.

Edit: Thank you everyone who's helped me find the pants online! Unfortunately I'm not US-based so really got to think about those shipping costs",https://i.ebayimg.com/images/g/weEAAOSw52NdJRwe/s-l1200.jpg,https://www.reddit.com/r/femalefashionadvice/comments/1hjt9rs/whats_your_fashion_white_whale/,hot,"The green silk dress Keira Knightley wears in the film Atonement.Â 


A pair of Prada chunky sole loafers. | The current Prada pink shearling coat.
So out of my budget

100% silk velvet anything. It just doesn't exist anymore.

The pair of docs that fit and were broken in I got rid of in late teen-hood thinking I could easily replace them.

Perfect pants for apple shape the bloat. This is likely my true white whale.  Closest I have found is Reformation Vedas. | The cost Dakota fanning wears in the movie push. Love it so much. I found out itâ€™s rag and bone but way out of budget. 

This year I bought a dress Iâ€™d been looking for a few years, Iâ€™d tried to get it for a wedding in 2023. Iâ€™d had it on a Pinterest board for a few years, asked I think in this sub if anyone knew anything about it and someone tracked down the make and model for me. I made an eBay notification and this year the right style and size came up. So after all that time I got to wear it on a gorgeous hot day this summer, doing an art walk with my daughter (whole Main Street of town was lined with artists, set up in everyoneâ€™s front lawns all through town it was awesome).",Free Gifts (0.73)
Bargain Basement: Remedies for the Winter Wardrobe of Our Discontent,"Dressing in Winter tends to get us down.
Often due to the price of coats and weather appropriate boots, we tend to go with neutral options that we use every day and quickly get sick of seeing. 
When confronted with a hefty price tag for a necessity it can feel smarter to opt for the basic black or camel version than the vibrant one we might truly desire. 
Being able to find a statement alternative at a discount can make that choice a lot easier.


I've posted before on how to shop [affordably](https://reddit.com/r/femalefashionadvice/comments/15vkxme/an_old_no_money_shopping_guide/) and [up your outerwear game](https://old.reddit.com/r/femalefashionadvice/comments/1dw15k6/baby_its_bold_outside_shopping_maximal_outerwear/). I'll be dropping links to budget friendly finds to illustrate that interesting fashion is more within reach than you might think. 

Keep in mind that not everything will be available in every size, plenty of things may be final sale, one offs in general or at that particular price point, and inexpensive relative to their normal cost. If the links are dead or the sales are over when you find this in six weeks, womp womp.

As always with sizes your mileage may vary.
Take your measurements. Consult size charts and be okay with sizes you normally wouldn't if the measurements or signs point there. Read reviews and figure out if those complaints are valid and apply to you.


I'm not getting paid for this and you are welcome and encouraged to use these options as a jumping off point for your own searches if what you're seeing isn't right for you.

In advance, this will be hiiiighly US specific since that's where I am but if anyone in Asia, Australia, or wherever else wants to follow suit a create a version for your country or region be my guest.


These [High heeled boots](https://www.nordstromrack.com/s/sorel-brex-bold-waterproof-front-zip-bootie-women/7509880?color=BLEACHED+CERAMIC%2F+ORANGE) are waterproof with a sole that's great for snow and ice and combine a polished off white upper with a vibrant orange base in a way that's unconventionally versatile. 
With Sorel it's generally advisable to go up half a size.
If that's too bold, pay a little more for a [shiny black and cobalt](https://www.zappos.com/p/womens-sorel-brex-heel-zip-black-cobalt-blue/product/9876611/color/32671) version.
If heels aren't your thing check out [these bad boys](https://a.co/d/2lZRYL2) in similar color scheme.
But if you must have it in a neutral, [fine I guess](https://www.sierra.com/sorel-brex-chelsea-boots-waterproof-leather-for-women~p~4djku/).

If you're looking for something [retro and quirky](https://www.sierra.com/merrell-alpine-tall-strap-polar-boots-waterproof-insulated-for-women~p~5cccr/) look no further and if you want [quirky without the retro](https://www.zappos.com/p/womens-naturalizer-think-royln-x-naturalizer-crosswalk-boot-water-repellent-poppy-patent-faux-leather/product/9995857/color/1102377) then we've come full circle back to heels, though at a higher price point than we started.


This [red cropped puffy coat](https://www.gap.com/browse/product.do?pid=600936022&cid=5736) is a great option to break up the neutral coat monotony.
~~This [lavender coat](https://www.universalstandard.com/products/kanda-puffer-2-dried-violet) will CYA and is currently on sale in multiple colors.~~ Sale over

Try this [burgundy puffer](https://www.universalstandard.com/products/everest-long-hooded-puffer-rioja) for something long in an earthy shade.
Maybe you want something [long
and shiny](https://www.target.com/p/women-s-hooded-duvet-puffer-jacket-a-new-day/-/A-91030771?preselect=90982425).

Resale is an affordable way to make your burritocore dreams come true in [Extra Large](https://poshmark.com/listing/GAP-Recycled-Silver-Puffer-64b852b1375218f469d3f929) [Large](https://poshmark.com/listing/Chic-GAP-silver-puffer-coat-635d4503bd66cddd2d4d3858) [Medium](https://poshmark.com/listing/Gap-Silver-Puffer-Jacket-Primaloft-Medium-659620c1b635f88436fef034) and so on.

Looking for wool in all the wrong places?
[Try this](https://poshmark.com/listing/Woolrich-coat-6580e59932c1dccbba6e0531) or [this](https://poshmark.com/listing/LANDS-END-VINTAGE-Buffalo-Plaid-Wool-Hooded-Coat-with-Toggles-Size-8-65e24e429b37c7707abb5a0a) or [thiiiiis](https://poshmark.com/listing/New-Pendleton-Womens-wool-red-coat-6398d98d308f079fa31ffe5c), or even [this](https://poshmark.com/listing/Eileen-Fisher-Chartreuse-Green-Wool-CoatOpen-Front-Size-Medium-673ece083fd8e7acedcb64af) for an easy California style winter.

Maybe you want something in that chartreuse color with a [skinned muppet vibe](https://poshmark.com/listing/New-Faux-fur-yellow-coat-never-worn-63638f0cfed51fb451639f03).
Is that Gonzo? [Get his ass](https://poshmark.com/listing/NWT-Rachel-Roy-Multicolored-Faux-Fur-Jacket-coat-S-65fb1ce3b3ef622a459f2b61)!",,https://www.reddit.com/r/femalefashionadvice/comments/1hjq4di/bargain_basement_remedies_for_the_winter_wardrobe/,hot,"My winter coat is mint green.  It's from that fancy French store called Le Target.  It's about 10 years old now (and needs to be cleaned at the end of the season).  

I spent my 20s wearing only neutral coats (black as I warm tones don't work for me at all) as that's what I was supposed to do.  It was not me in any way, shape or form.  It was bland and boring.  I have since gotten rid of all of my neutral coats and it was a great decision. | Very helpful. Thanks! | Oh my god this post is absolutely delightful, thank you! And hard agree on a vibrant winter coat making getting dressed this time of year more fun -- I have a red Pea coat I thrifted years ago and other always fills me with glee to get to wear it!",
How do you do baggy in the right way?,"I see some people wear a baggy t-shirt over slacks or jeans and it can look so good, same thing with big knit sweaters or a men's button down. It looks so artsy and nonchalant.

Other times it can look a bit awkward or just not stylish. What's the ""right"" way to wear baggy clothes?",,https://www.reddit.com/r/femalefashionadvice/comments/1hjis48/how_do_you_do_baggy_in_the_right_way/,hot,"I think it comes down to proportions. Both your body and the garments. Understanding if you have long/short/balanced torso and legs can be a helpful starting point. Then look at the proportions of the garment: some oversized tshirts emphasize the arm width and length, others are cut to have more length in the body or width. Depending on what youâ€™re pairing it with it will change the visual â€œweightâ€ of the outfit and emphasize different features. Some people use the rule of â€œbig top, little bottomsâ€ or â€œlittle top, big bottomsâ€ to achieve balance but it doesnâ€™t always work well (for me). Tucking, rolling sleeves, material composition and drape, and undergarments also make a big difference. (Sorry not a straightforward answer ðŸ˜…) | This answer is not super helpful but I think it depends a lot on context. When I go to hip hop class and everyone is wearing baggy-on-baggy streetwear, I feel so natural wearing all baggy too and I feel really wrong and self-conscious wearing something tight fitting. Vs if I go to another thing where everyone is wearing leggings or mini skirts, and I wear baggy cargo pants and hoodie, I look silly and like I didnâ€™t make an effort. | Like already stated knowing what works on your proportions are the first part- Iâ€™m 5â€™2â€ with a short waist, no boobs, and a very straight build (like a brick, lol), and I love love love oversized. Just canâ€™t be wearing the same stuff as a willowy 5â€™8â€ person. 

But also fabric choice is huge. Many button downs are too stiff and look like a sloppy trapeze if they are worn oversize ( but again, probably fine on tall and thin), whereas a finer fabric with more drape would work better. Same for pants too, fabric with more movement that hangs better can look great. When Iâ€™m wearing big knits, I always make sure my pants are more drapey or stick with flares to kinda balance out the oversize top so I donâ€™t look like Im trying to walk on tiny toothpick legs 

Plus, accessories are always helpful",
